Workbook

Sheet Start here
A1: Landlord compliance tracker – England
A2: For landlords letting in England. A record-keeping aid, not legal advice. Rules differ in Wales, Scotland and Northern Ireland. Always check the linked gov.uk source; rules change.
A4: 1. Properties: list up to 10 properties (yellow cells).
A5: 2. Compliance: for each property and check, enter the date it was last done (or the expiry date for licences).
A6: Next due and status fill in automatically: red = overdue, amber = due within 60 days, green = OK.
A7: 3. Dashboard: see every overdue and upcoming item at a glance.
A8: 4. Renters' Rights Act: checklist of changes now in force, with sources.
A10: Facts last checked 25 September 2026. Buyers get free updates for 12 months as rules change.

Sheet Dashboard
A1: Dashboard
A3: Overdue | B3: =COUNTIF(Compliance!H2:H101,"OVERDUE")
A4: Missing records | B4: =COUNTIF(Compliance!H2:H101,"Missing")
A5: Due within 60 days | B5: =COUNTIF(Compliance!H2:H101,"Due soon")
A6: OK | B6: =COUNTIF(Compliance!H2:H101,"OK")
A8: Filter the Compliance sheet by Status to see which items need action.
A9: For landlords letting in England. A record-keeping aid, not legal advice. Rules differ in Wales, Scotland and Northern Ireland. Always check the linked gov.uk source; rules change.

Sheet Properties
A1: # | B1: Address | C1: Tenant name(s) | D1: Tenancy start | E1: Deposit scheme + ref | F1: Notes
A2: 1
A3: 2
A4: 3
A5: 4
A6: 5
A7: 6
A8: 7
A9: 8
A10: 9
A11: 10

Sheet Compliance
A1: Property # | B1: Address | C1: Check | D1: Last done / expiry | E1: Interval (months) | F1: Next due | G1: Days left | H1: Status | I1: Rule | J1: Source
A2: 1 | B2: =IF(Properties!B2="","",Properties!B2) | C2: Gas safety check (CP12) | E2: 12 | F2: =IF(D2="","",EDATE(D2,E2)) | G2: =IF(F2="","",F2-TODAY()) | H2: =IF(B2="","",IF(F2="",IF(D2="","Missing","Recorded"),IF(G2<0,"OVERDUE",IF(G2<=60,"Due soon","OK")))) | I2: Every 12 months by a Gas Safe engineer; copy to tenants within 28 days; keep records 2 years. | J2: gov.uk/government/publications/gas-safety-landlords-and-tenants
A3: 1 | B3: =IF(Properties!B2="","",Properties!B2) | C3: Electrical safety report (EICR) | E3: 60 | F3: =IF(D3="","",EDATE(D3,E3)) | G3: =IF(F3="","",F3-TODAY()) | H3: =IF(B3="","",IF(F3="",IF(D3="","Missing","Recorded"),IF(G3<0,"OVERDUE",IF(G3<=60,"Due soon","OK")))) | I3: At least every 5 years by a qualified person; copy to tenants within 28 days. | J3: gov.uk/government/publications/electrical-safety-standards-in-the-private-rented-sector-guidance-for-landlords-tenants-and-local-authorities
A4: 1 | B4: =IF(Properties!B2="","",Properties!B2) | C4: Energy Performance Certificate (EPC) | E4: 120 | F4: =IF(D4="","",EDATE(D4,E4)) | G4: =IF(F4="","",F4-TODAY()) | H4: =IF(B4="","",IF(F4="",IF(D4="","Missing","Recorded"),IF(G4<0,"OVERDUE",IF(G4<=60,"Due soon","OK")))) | I4: Valid 10 years; rating must be E or above to let (unless exempt). | J4: gov.uk/guidance/domestic-private-rented-property-minimum-energy-efficiency-standard-landlord-guidance
A5: 1 | B5: =IF(Properties!B2="","",Properties!B2) | C5: Smoke alarms tested | G5: =IF(F5="","",F5-TODAY()) | H5: =IF(B5="","",IF(F5="",IF(D5="","Missing","Recorded"),IF(G5<0,"OVERDUE",IF(G5<=60,"Due soon","OK")))) | I5: At least one on every storey used as living accommodation; check working on the first day of each tenancy. | J5: gov.uk/government/publications/smoke-and-carbon-monoxide-alarms-explanatory-booklet-for-landlords
A6: 1 | B6: =IF(Properties!B2="","",Properties!B2) | C6: Carbon monoxide alarms tested | G6: =IF(F6="","",F6-TODAY()) | H6: =IF(B6="","",IF(F6="",IF(D6="","Missing","Recorded"),IF(G6<0,"OVERDUE",IF(G6<=60,"Due soon","OK")))) | I6: In any room with a fixed combustion appliance (not gas cookers); check on the first day of each tenancy. | J6: gov.uk/government/publications/smoke-and-carbon-monoxide-alarms-explanatory-booklet-for-landlords
A7: 1 | B7: =IF(Properties!B2="","",Properties!B2) | C7: Deposit protected + prescribed information | G7: =IF(F7="","",F7-TODAY()) | H7: =IF(B7="","",IF(F7="",IF(D7="","Missing","Recorded"),IF(G7<0,"OVERDUE",IF(G7<=60,"Due soon","OK")))) | I7: Protect in a government-approved scheme and give prescribed information within 30 days of receiving it. | J7: gov.uk/deposit-protection-schemes-and-landlords
A8: 1 | B8: =IF(Properties!B2="","",Properties!B2) | C8: Right to Rent check | G8: =IF(F8="","",F8-TODAY()) | H8: =IF(B8="","",IF(F8="",IF(D8="","Missing","Recorded"),IF(G8<0,"OVERDUE",IF(G8<=60,"Due soon","OK")))) | I8: Before the tenancy starts; repeat check before a time-limited permission expires. | J8: gov.uk/check-tenant-right-to-rent-documents
A9: 1 | B9: =IF(Properties!B2="","",Properties!B2) | C9: Licence (HMO / selective) expiry | F9: =IF(D9="","",D9) | G9: =IF(F9="","",F9-TODAY()) | H9: =IF(B9="","",IF(F9="",IF(D9="","Missing","Recorded"),IF(G9<0,"OVERDUE",IF(G9<=60,"Due soon","OK")))) | I9: If your council requires a licence, enter its expiry date. Licences usually last up to 5 years. | J9: gov.uk/house-in-multiple-occupation-licence
A10: 1 | B10: =IF(Properties!B2="","",Properties!B2) | C10: Landlord insurance renewal | E10: 12 | F10: =IF(D10="","",EDATE(D10,E10)) | G10: =IF(F10="","",F10-TODAY()) | H10: =IF(B10="","",IF(F10="",IF(D10="","Missing","Recorded"),IF(G10<0,"OVERDUE",IF(G10<=60,"Due soon","OK")))) | I10: Your policy renewal date.
A11: 1 | B11: =IF(Properties!B2="","",Properties!B2) | C11: Legionella risk assessment review | G11: =IF(F11="","",F11-TODAY()) | H11: =IF(B11="","",IF(F11="",IF(D11="","Missing","Recorded"),IF(G11<0,"OVERDUE",IF(G11<=60,"Due soon","OK")))) | I11: Landlords must assess legionella risk. The law sets no fixed interval; review when anything changes. | J11: hse.gov.uk/legionnaires/landlords.htm
A12: 2 | B12: =IF(Properties!B3="","",Properties!B3) | C12: Gas safety check (CP12) | E12: 12 | F12: =IF(D12="","",EDATE(D12,E12)) | G12: =IF(F12="","",F12-TODAY()) | H12: =IF(B12="","",IF(F12="",IF(D12="","Missing","Recorded"),IF(G12<0,"OVERDUE",IF(G12<=60,"Due soon","OK")))) | I12: Every 12 months by a Gas Safe engineer; copy to tenants within 28 days; keep records 2 years. | J12: gov.uk/government/publications/gas-safety-landlords-and-tenants
A13: 2 | B13: =IF(Properties!B3="","",Properties!B3) | C13: Electrical safety report (EICR) | E13: 60 | F13: =IF(D13="","",EDATE(D13,E13)) | G13: =IF(F13="","",F13-TODAY()) | H13: =IF(B13="","",IF(F13="",IF(D13="","Missing","Recorded"),IF(G13<0,"OVERDUE",IF(G13<=60,"Due soon","OK")))) | I13: At least every 5 years by a qualified person; copy to tenants within 28 days. | J13: gov.uk/government/publications/electrical-safety-standards-in-the-private-rented-sector-guidance-for-landlords-tenants-and-local-authorities
A14: 2 | B14: =IF(Properties!B3="","",Properties!B3) | C14: Energy Performance Certificate (EPC) | E14: 120 | F14: =IF(D14="","",EDATE(D14,E14)) | G14: =IF(F14="","",F14-TODAY()) | H14: =IF(B14="","",IF(F14="",IF(D14="","Missing","Recorded"),IF(G14<0,"OVERDUE",IF(G14<=60,"Due soon","OK")))) | I14: Valid 10 years; rating must be E or above to let (unless exempt). | J14: gov.uk/guidance/domestic-private-rented-property-minimum-energy-efficiency-standard-landlord-guidance
A15: 2 | B15: =IF(Properties!B3="","",Properties!B3) | C15: Smoke alarms tested | G15: =IF(F15="","",F15-TODAY()) | H15: =IF(B15="","",IF(F15="",IF(D15="","Missing","Recorded"),IF(G15<0,"OVERDUE",IF(G15<=60,"Due soon","OK")))) | I15: At least one on every storey used as living accommodation; check working on the first day of each tenancy. | J15: gov.uk/government/publications/smoke-and-carbon-monoxide-alarms-explanatory-booklet-for-landlords
A16: 2 | B16: =IF(Properties!B3="","",Properties!B3) | C16: Carbon monoxide alarms tested | G16: =IF(F16="","",F16-TODAY()) | H16: =IF(B16="","",IF(F16="",IF(D16="","Missing","Recorded"),IF(G16<0,"OVERDUE",IF(G16<=60,"Due soon","OK")))) | I16: In any room with a fixed combustion appliance (not gas cookers); check on the first day of each tenancy. | J16: gov.uk/government/publications/smoke-and-carbon-monoxide-alarms-explanatory-booklet-for-landlords
A17: 2 | B17: =IF(Properties!B3="","",Properties!B3) | C17: Deposit protected + prescribed information | G17: =IF(F17="","",F17-TODAY()) | H17: =IF(B17="","",IF(F17="",IF(D17="","Missing","Recorded"),IF(G17<0,"OVERDUE",IF(G17<=60,"Due soon","OK")))) | I17: Protect in a government-approved scheme and give prescribed information within 30 days of receiving it. | J17: gov.uk/deposit-protection-schemes-and-landlords
A18: 2 | B18: =IF(Properties!B3="","",Properties!B3) | C18: Right to Rent check | G18: =IF(F18="","",F18-TODAY()) | H18: =IF(B18="","",IF(F18="",IF(D18="","Missing","Recorded"),IF(G18<0,"OVERDUE",IF(G18<=60,"Due soon","OK")))) | I18: Before the tenancy starts; repeat check before a time-limited permission expires. | J18: gov.uk/check-tenant-right-to-rent-documents
A19: 2 | B19: =IF(Properties!B3="","",Properties!B3) | C19: Licence (HMO / selective) expiry | F19: =IF(D19="","",D19) | G19: =IF(F19="","",F19-TODAY()) | H19: =IF(B19="","",IF(F19="",IF(D19="","Missing","Recorded"),IF(G19<0,"OVERDUE",IF(G19<=60,"Due soon","OK")))) | I19: If your council requires a licence, enter its expiry date. Licences usually last up to 5 years. | J19: gov.uk/house-in-multiple-occupation-licence
A20: 2 | B20: =IF(Properties!B3="","",Properties!B3) | C20: Landlord insurance renewal | E20: 12 | F20: =IF(D20="","",EDATE(D20,E20)) | G20: =IF(F20="","",F20-TODAY()) | H20: =IF(B20="","",IF(F20="",IF(D20="","Missing","Recorded"),IF(G20<0,"OVERDUE",IF(G20<=60,"Due soon","OK")))) | I20: Your policy renewal date.
A21: 2 | B21: =IF(Properties!B3="","",Properties!B3) | C21: Legionella risk assessment review | G21: =IF(F21="","",F21-TODAY()) | H21: =IF(B21="","",IF(F21="",IF(D21="","Missing","Recorded"),IF(G21<0,"OVERDUE",IF(G21<=60,"Due soon","OK")))) | I21: Landlords must assess legionella risk. The law sets no fixed interval; review when anything changes. | J21: hse.gov.uk/legionnaires/landlords.htm
A22: 3 | B22: =IF(Properties!B4="","",Properties!B4) | C22: Gas safety check (CP12) | E22: 12 | F22: =IF(D22="","",EDATE(D22,E22)) | G22: =IF(F22="","",F22-TODAY()) | H22: =IF(B22="","",IF(F22="",IF(D22="","Missing","Recorded"),IF(G22<0,"OVERDUE",IF(G22<=60,"Due soon","OK")))) | I22: Every 12 months by a Gas Safe engineer; copy to tenants within 28 days; keep records 2 years. | J22: gov.uk/government/publications/gas-safety-landlords-and-tenants
A23: 3 | B23: =IF(Properties!B4="","",Properties!B4) | C23: Electrical safety report (EICR) | E23: 60 | F23: =IF(D23="","",EDATE(D23,E23)) | G23: =IF(F23="","",F23-TODAY()) | H23: =IF(B23="","",IF(F23="",IF(D23="","Missing","Recorded"),IF(G23<0,"OVERDUE",IF(G23<=60,"Due soon","OK")))) | I23: At least every 5 years by a qualified person; copy to tenants within 28 days. | J23: gov.uk/government/publications/electrical-safety-standards-in-the-private-rented-sector-guidance-for-landlords-tenants-and-local-authorities
A24: 3 | B24: =IF(Properties!B4="","",Properties!B4) | C24: Energy Performance Certificate (EPC) | E24: 120 | F24: =IF(D24="","",EDATE(D24,E24)) | G24: =IF(F24="","",F24-TODAY()) | H24: =IF(B24="","",IF(F24="",IF(D24="","Missing","Recorded"),IF(G24<0,"OVERDUE",IF(G24<=60,"Due soon","OK")))) | I24: Valid 10 years; rating must be E or above to let (unless exempt). | J24: gov.uk/guidance/domestic-private-rented-property-minimum-energy-efficiency-standard-landlord-guidance
A25: 3 | B25: =IF(Properties!B4="","",Properties!B4) | C25: Smoke alarms tested | G25: =IF(F25="","",F25-TODAY()) | H25: =IF(B25="","",IF(F25="",IF(D25="","Missing","Recorded"),IF(G25<0,"OVERDUE",IF(G25<=60,"Due soon","OK")))) | I25: At least one on every storey used as living accommodation; check working on the first day of each tenancy. | J25: gov.uk/government/publications/smoke-and-carbon-monoxide-alarms-explanatory-booklet-for-landlords
A26: 3 | B26: =IF(Properties!B4="","",Properties!B4) | C26: Carbon monoxide alarms tested | G26: =IF(F26="","",F26-TODAY()) | H26: =IF(B26="","",IF(F26="",IF(D26="","Missing","Recorded"),IF(G26<0,"OVERDUE",IF(G26<=60,"Due soon","OK")))) | I26: In any room with a fixed combustion appliance (not gas cookers); check on the first day of each tenancy. | J26: gov.uk/government/publications/smoke-and-carbon-monoxide-alarms-explanatory-booklet-for-landlords
A27: 3 | B27: =IF(Properties!B4="","",Properties!B4) | C27: Deposit protected + prescribed information | G27: =IF(F27="","",F27-TODAY()) | H27: =IF(B27="","",IF(F27="",IF(D27="","Missing","Recorded"),IF(G27<0,"OVERDUE",IF(G27<=60,"Due soon","OK")))) | I27: Protect in a government-approved scheme and give prescribed information within 30 days of receiving it. | J27: gov.uk/deposit-protection-schemes-and-landlords
A28: 3 | B28: =IF(Properties!B4="","",Properties!B4) | C28: Right to Rent check | G28: =IF(F28="","",F28-TODAY()) | H28: =IF(B28="","",IF(F28="",IF(D28="","Missing","Recorded"),IF(G28<0,"OVERDUE",IF(G28<=60,"Due soon","OK")))) | I28: Before the tenancy starts; repeat check before a time-limited permission expires. | J28: gov.uk/check-tenant-right-to-rent-documents
A29: 3 | B29: =IF(Properties!B4="","",Properties!B4) | C29: Licence (HMO / selective) expiry | F29: =IF(D29="","",D29) | G29: =IF(F29="","",F29-TODAY()) | H29: =IF(B29="","",IF(F29="",IF(D29="","Missing","Recorded"),IF(G29<0,"OVERDUE",IF(G29<=60,"Due soon","OK")))) | I29: If your council requires a licence, enter its expiry date. Licences usually last up to 5 years. | J29: gov.uk/house-in-multiple-occupation-licence
A30: 3 | B30: =IF(Properties!B4="","",Properties!B4) | C30: Landlord insurance renewal | E30: 12 | F30: =IF(D30="","",EDATE(D30,E30)) | G30: =IF(F30="","",F30-TODAY()) | H30: =IF(B30="","",IF(F30="",IF(D30="","Missing","Recorded"),IF(G30<0,"OVERDUE",IF(G30<=60,"Due soon","OK")))) | I30: Your policy renewal date.
A31: 3 | B31: =IF(Properties!B4="","",Properties!B4) | C31: Legionella risk assessment review | G31: =IF(F31="","",F31-TODAY()) | H31: =IF(B31="","",IF(F31="",IF(D31="","Missing","Recorded"),IF(G31<0,"OVERDUE",IF(G31<=60,"Due soon","OK")))) | I31: Landlords must assess legionella risk. The law sets no fixed interval; review when anything changes. | J31: hse.gov.uk/legionnaires/landlords.htm
A32: 4 | B32: =IF(Properties!B5="","",Properties!B5) | C32: Gas safety check (CP12) | E32: 12 | F32: =IF(D32="","",EDATE(D32,E32)) | G32: =IF(F32="","",F32-TODAY()) | H32: =IF(B32="","",IF(F32="",IF(D32="","Missing","Recorded"),IF(G32<0,"OVERDUE",IF(G32<=60,"Due soon","OK")))) | I32: Every 12 months by a Gas Safe engineer; copy to tenants within 28 days; keep records 2 years. | J32: gov.uk/government/publications/gas-safety-landlords-and-tenants
A33: 4 | B33: =IF(Properties!B5="","",Properties!B5) | C33: Electrical safety report (EICR) | E33: 60 | F33: =IF(D33="","",EDATE(D33,E33)) | G33: =IF(F33="","",F33-TODAY()) | H33: =IF(B33="","",IF(F33="",IF(D33="","Missing","Recorded"),IF(G33<0,"OVERDUE",IF(G33<=60,"Due soon","OK")))) | I33: At least every 5 years by a qualified person; copy to tenants within 28 days. | J33: gov.uk/government/publications/electrical-safety-standards-in-the-private-rented-sector-guidance-for-landlords-tenants-and-local-authorities
A34: 4 | B34: =IF(Properties!B5="","",Properties!B5) | C34: Energy Performance Certificate (EPC) | E34: 120 | F34: =IF(D34="","",EDATE(D34,E34)) | G34: =IF(F34="","",F34-TODAY()) | H34: =IF(B34="","",IF(F34="",IF(D34="","Missing","Recorded"),IF(G34<0,"OVERDUE",IF(G34<=60,"Due soon","OK")))) | I34: Valid 10 years; rating must be E or above to let (unless exempt). | J34: gov.uk/guidance/domestic-private-rented-property-minimum-energy-efficiency-standard-landlord-guidance
A35: 4 | B35: =IF(Properties!B5="","",Properties!B5) | C35: Smoke alarms tested | G35: =IF(F35="","",F35-TODAY()) | H35: =IF(B35="","",IF(F35="",IF(D35="","Missing","Recorded"),IF(G35<0,"OVERDUE",IF(G35<=60,"Due soon","OK")))) | I35: At least one on every storey used as living accommodation; check working on the first day of each tenancy. | J35: gov.uk/government/publications/smoke-and-carbon-monoxide-alarms-explanatory-booklet-for-landlords
A36: 4 | B36: =IF(Properties!B5="","",Properties!B5) | C36: Carbon monoxide alarms tested | G36: =IF(F36="","",F36-TODAY()) | H36: =IF(B36="","",IF(F36="",IF(D36="","Missing","Recorded"),IF(G36<0,"OVERDUE",IF(G36<=60,"Due soon","OK")))) | I36: In any room with a fixed combustion appliance (not gas cookers); check on the first day of each tenancy. | J36: gov.uk/government/publications/smoke-and-carbon-monoxide-alarms-explanatory-booklet-for-landlords
A37: 4 | B37: =IF(Properties!B5="","",Properties!B5) | C37: Deposit protected + prescribed information | G37: =IF(F37="","",F37-TODAY()) | H37: =IF(B37="","",IF(F37="",IF(D37="","Missing","Recorded"),IF(G37<0,"OVERDUE",IF(G37<=60,"Due soon","OK")))) | I37: Protect in a government-approved scheme and give prescribed information within 30 days of receiving it. | J37: gov.uk/deposit-protection-schemes-and-landlords
A38: 4 | B38: =IF(Properties!B5="","",Properties!B5) | C38: Right to Rent check | G38: =IF(F38="","",F38-TODAY()) | H38: =IF(B38="","",IF(F38="",IF(D38="","Missing","Recorded"),IF(G38<0,"OVERDUE",IF(G38<=60,"Due soon","OK")))) | I38: Before the tenancy starts; repeat check before a time-limited permission expires. | J38: gov.uk/check-tenant-right-to-rent-documents
A39: 4 | B39: =IF(Properties!B5="","",Properties!B5) | C39: Licence (HMO / selective) expiry | F39: =IF(D39="","",D39) | G39: =IF(F39="","",F39-TODAY()) | H39: =IF(B39="","",IF(F39="",IF(D39="","Missing","Recorded"),IF(G39<0,"OVERDUE",IF(G39<=60,"Due soon","OK")))) | I39: If your council requires a licence, enter its expiry date. Licences usually last up to 5 years. | J39: gov.uk/house-in-multiple-occupation-licence
A40: 4 | B40: =IF(Properties!B5="","",Properties!B5) | C40: Landlord insurance renewal | E40: 12 | F40: =IF(D40="","",EDATE(D40,E40)) | G40: =IF(F40="","",F40-TODAY()) | H40: =IF(B40="","",IF(F40="",IF(D40="","Missing","Recorded"),IF(G40<0,"OVERDUE",IF(G40<=60,"Due soon","OK")))) | I40: Your policy renewal date.
A41: 4 | B41: =IF(Properties!B5="","",Properties!B5) | C41: Legionella risk assessment review | G41: =IF(F41="","",F41-TODAY()) | H41: =IF(B41="","",IF(F41="",IF(D41="","Missing","Recorded"),IF(G41<0,"OVERDUE",IF(G41<=60,"Due soon","OK")))) | I41: Landlords must assess legionella risk. The law sets no fixed interval; review when anything changes. | J41: hse.gov.uk/legionnaires/landlords.htm
A42: 5 | B42: =IF(Properties!B6="","",Properties!B6) | C42: Gas safety check (CP12) | E42: 12 | F42: =IF(D42="","",EDATE(D42,E42)) | G42: =IF(F42="","",F42-TODAY()) | H42: =IF(B42="","",IF(F42="",IF(D42="","Missing","Recorded"),IF(G42<0,"OVERDUE",IF(G42<=60,"Due soon","OK")))) | I42: Every 12 months by a Gas Safe engineer; copy to tenants within 28 days; keep records 2 years. | J42: gov.uk/government/publications/gas-safety-landlords-and-tenants
A43: 5 | B43: =IF(Properties!B6="","",Properties!B6) | C43: Electrical safety report (EICR) | E43: 60 | F43: =IF(D43="","",EDATE(D43,E43)) | G43: =IF(F43="","",F43-TODAY()) | H43: =IF(B43="","",IF(F43="",IF(D43="","Missing","Recorded"),IF(G43<0,"OVERDUE",IF(G43<=60,"Due soon","OK")))) | I43: At least every 5 years by a qualified person; copy to tenants within 28 days. | J43: gov.uk/government/publications/electrical-safety-standards-in-the-private-rented-sector-guidance-for-landlords-tenants-and-local-authorities
A44: 5 | B44: =IF(Properties!B6="","",Properties!B6) | C44: Energy Performance Certificate (EPC) | E44: 120 | F44: =IF(D44="","",EDATE(D44,E44)) | G44: =IF(F44="","",F44-TODAY()) | H44: =IF(B44="","",IF(F44="",IF(D44="","Missing","Recorded"),IF(G44<0,"OVERDUE",IF(G44<=60,"Due soon","OK")))) | I44: Valid 10 years; rating must be E or above to let (unless exempt). | J44: gov.uk/guidance/domestic-private-rented-property-minimum-energy-efficiency-standard-landlord-guidance
A45: 5 | B45: =IF(Properties!B6="","",Properties!B6) | C45: Smoke alarms tested | G45: =IF(F45="","",F45-TODAY()) | H45: =IF(B45="","",IF(F45="",IF(D45="","Missing","Recorded"),IF(G45<0,"OVERDUE",IF(G45<=60,"Due soon","OK")))) | I45: At least one on every storey used as living accommodation; check working on the first day of each tenancy. | J45: gov.uk/government/publications/smoke-and-carbon-monoxide-alarms-explanatory-booklet-for-landlords
A46: 5 | B46: =IF(Properties!B6="","",Properties!B6) | C46: Carbon monoxide alarms tested | G46: =IF(F46="","",F46-TODAY()) | H46: =IF(B46="","",IF(F46="",IF(D46="","Missing","Recorded"),IF(G46<0,"OVERDUE",IF(G46<=60,"Due soon","OK")))) | I46: In any room with a fixed combustion appliance (not gas cookers); check on the first day of each tenancy. | J46: gov.uk/government/publications/smoke-and-carbon-monoxide-alarms-explanatory-booklet-for-landlords
A47: 5 | B47: =IF(Properties!B6="","",Properties!B6) | C47: Deposit protected + prescribed information | G47: =IF(F47="","",F47-TODAY()) | H47: =IF(B47="","",IF(F47="",IF(D47="","Missing","Recorded"),IF(G47<0,"OVERDUE",IF(G47<=60,"Due soon","OK")))) | I47: Protect in a government-approved scheme and give prescribed information within 30 days of receiving it. | J47: gov.uk/deposit-protection-schemes-and-landlords
A48: 5 | B48: =IF(Properties!B6="","",Properties!B6) | C48: Right to Rent check | G48: =IF(F48="","",F48-TODAY()) | H48: =IF(B48="","",IF(F48="",IF(D48="","Missing","Recorded"),IF(G48<0,"OVERDUE",IF(G48<=60,"Due soon","OK")))) | I48: Before the tenancy starts; repeat check before a time-limited permission expires. | J48: gov.uk/check-tenant-right-to-rent-documents
A49: 5 | B49: =IF(Properties!B6="","",Properties!B6) | C49: Licence (HMO / selective) expiry | F49: =IF(D49="","",D49) | G49: =IF(F49="","",F49-TODAY()) | H49: =IF(B49="","",IF(F49="",IF(D49="","Missing","Recorded"),IF(G49<0,"OVERDUE",IF(G49<=60,"Due soon","OK")))) | I49: If your council requires a licence, enter its expiry date. Licences usually last up to 5 years. | J49: gov.uk/house-in-multiple-occupation-licence
A50: 5 | B50: =IF(Properties!B6="","",Properties!B6) | C50: Landlord insurance renewal | E50: 12 | F50: =IF(D50="","",EDATE(D50,E50)) | G50: =IF(F50="","",F50-TODAY()) | H50: =IF(B50="","",IF(F50="",IF(D50="","Missing","Recorded"),IF(G50<0,"OVERDUE",IF(G50<=60,"Due soon","OK")))) | I50: Your policy renewal date.
A51: 5 | B51: =IF(Properties!B6="","",Properties!B6) | C51: Legionella risk assessment review | G51: =IF(F51="","",F51-TODAY()) | H51: =IF(B51="","",IF(F51="",IF(D51="","Missing","Recorded"),IF(G51<0,"OVERDUE",IF(G51<=60,"Due soon","OK")))) | I51: Landlords must assess legionella risk. The law sets no fixed interval; review when anything changes. | J51: hse.gov.uk/legionnaires/landlords.htm
A52: 6 | B52: =IF(Properties!B7="","",Properties!B7) | C52: Gas safety check (CP12) | E52: 12 | F52: =IF(D52="","",EDATE(D52,E52)) | G52: =IF(F52="","",F52-TODAY()) | H52: =IF(B52="","",IF(F52="",IF(D52="","Missing","Recorded"),IF(G52<0,"OVERDUE",IF(G52<=60,"Due soon","OK")))) | I52: Every 12 months by a Gas Safe engineer; copy to tenants within 28 days; keep records 2 years. | J52: gov.uk/government/publications/gas-safety-landlords-and-tenants
A53: 6 | B53: =IF(Properties!B7="","",Properties!B7) | C53: Electrical safety report (EICR) | E53: 60 | F53: =IF(D53="","",EDATE(D53,E53)) | G53: =IF(F53="","",F53-TODAY()) | H53: =IF(B53="","",IF(F53="",IF(D53="","Missing","Recorded"),IF(G53<0,"OVERDUE",IF(G53<=60,"Due soon","OK")))) | I53: At least every 5 years by a qualified person; copy to tenants within 28 days. | J53: gov.uk/government/publications/electrical-safety-standards-in-the-private-rented-sector-guidance-for-landlords-tenants-and-local-authorities
A54: 6 | B54: =IF(Properties!B7="","",Properties!B7) | C54: Energy Performance Certificate (EPC) | E54: 120 | F54: =IF(D54="","",EDATE(D54,E54)) | G54: =IF(F54="","",F54-TODAY()) | H54: =IF(B54="","",IF(F54="",IF(D54="","Missing","Recorded"),IF(G54<0,"OVERDUE",IF(G54<=60,"Due soon","OK")))) | I54: Valid 10 years; rating must be E or above to let (unless exempt). | J54: gov.uk/guidance/domestic-private-rented-property-minimum-energy-efficiency-standard-landlord-guidance
A55: 6 | B55: =IF(Properties!B7="","",Properties!B7) | C55: Smoke alarms tested | G55: =IF(F55="","",F55-TODAY()) | H55: =IF(B55="","",IF(F55="",IF(D55="","Missing","Recorded"),IF(G55<0,"OVERDUE",IF(G55<=60,"Due soon","OK")))) | I55: At least one on every storey used as living accommodation; check working on the first day of each tenancy. | J55: gov.uk/government/publications/smoke-and-carbon-monoxide-alarms-explanatory-booklet-for-landlords
A56: 6 | B56: =IF(Properties!B7="","",Properties!B7) | C56: Carbon monoxide alarms tested | G56: =IF(F56="","",F56-TODAY()) | H56: =IF(B56="","",IF(F56="",IF(D56="","Missing","Recorded"),IF(G56<0,"OVERDUE",IF(G56<=60,"Due soon","OK")))) | I56: In any room with a fixed combustion appliance (not gas cookers); check on the first day of each tenancy. | J56: gov.uk/government/publications/smoke-and-carbon-monoxide-alarms-explanatory-booklet-for-landlords
A57: 6 | B57: =IF(Properties!B7="","",Properties!B7) | C57: Deposit protected + prescribed information | G57: =IF(F57="","",F57-TODAY()) | H57: =IF(B57="","",IF(F57="",IF(D57="","Missing","Recorded"),IF(G57<0,"OVERDUE",IF(G57<=60,"Due soon","OK")))) | I57: Protect in a government-approved scheme and give prescribed information within 30 days of receiving it. | J57: gov.uk/deposit-protection-schemes-and-landlords
A58: 6 | B58: =IF(Properties!B7="","",Properties!B7) | C58: Right to Rent check | G58: =IF(F58="","",F58-TODAY()) | H58: =IF(B58="","",IF(F58="",IF(D58="","Missing","Recorded"),IF(G58<0,"OVERDUE",IF(G58<=60,"Due soon","OK")))) | I58: Before the tenancy starts; repeat check before a time-limited permission expires. | J58: gov.uk/check-tenant-right-to-rent-documents
A59: 6 | B59: =IF(Properties!B7="","",Properties!B7) | C59: Licence (HMO / selective) expiry | F59: =IF(D59="","",D59) | G59: =IF(F59="","",F59-TODAY()) | H59: =IF(B59="","",IF(F59="",IF(D59="","Missing","Recorded"),IF(G59<0,"OVERDUE",IF(G59<=60,"Due soon","OK")))) | I59: If your council requires a licence, enter its expiry date. Licences usually last up to 5 years. | J59: gov.uk/house-in-multiple-occupation-licence
A60: 6 | B60: =IF(Properties!B7="","",Properties!B7) | C60: Landlord insurance renewal | E60: 12 | F60: =IF(D60="","",EDATE(D60,E60)) | G60: =IF(F60="","",F60-TODAY()) | H60: =IF(B60="","",IF(F60="",IF(D60="","Missing","Recorded"),IF(G60<0,"OVERDUE",IF(G60<=60,"Due soon","OK")))) | I60: Your policy renewal date.
A61: 6 | B61: =IF(Properties!B7="","",Properties!B7) | C61: Legionella risk assessment review | G61: =IF(F61="","",F61-TODAY()) | H61: =IF(B61="","",IF(F61="",IF(D61="","Missing","Recorded"),IF(G61<0,"OVERDUE",IF(G61<=60,"Due soon","OK")))) | I61: Landlords must assess legionella risk. The law sets no fixed interval; review when anything changes. | J61: hse.gov.uk/legionnaires/landlords.htm
A62: 7 | B62: =IF(Properties!B8="","",Properties!B8) | C62: Gas safety check (CP12) | E62: 12 | F62: =IF(D62="","",EDATE(D62,E62)) | G62: =IF(F62="","",F62-TODAY()) | H62: =IF(B62="","",IF(F62="",IF(D62="","Missing","Recorded"),IF(G62<0,"OVERDUE",IF(G62<=60,"Due soon","OK")))) | I62: Every 12 months by a Gas Safe engineer; copy to tenants within 28 days; keep records 2 years. | J62: gov.uk/government/publications/gas-safety-landlords-and-tenants
A63: 7 | B63: =IF(Properties!B8="","",Properties!B8) | C63: Electrical safety report (EICR) | E63: 60 | F63: =IF(D63="","",EDATE(D63,E63)) | G63: =IF(F63="","",F63-TODAY()) | H63: =IF(B63="","",IF(F63="",IF(D63="","Missing","Recorded"),IF(G63<0,"OVERDUE",IF(G63<=60,"Due soon","OK")))) | I63: At least every 5 years by a qualified person; copy to tenants within 28 days. | J63: gov.uk/government/publications/electrical-safety-standards-in-the-private-rented-sector-guidance-for-landlords-tenants-and-local-authorities
A64: 7 | B64: =IF(Properties!B8="","",Properties!B8) | C64: Energy Performance Certificate (EPC) | E64: 120 | F64: =IF(D64="","",EDATE(D64,E64)) | G64: =IF(F64="","",F64-TODAY()) | H64: =IF(B64="","",IF(F64="",IF(D64="","Missing","Recorded"),IF(G64<0,"OVERDUE",IF(G64<=60,"Due soon","OK")))) | I64: Valid 10 years; rating must be E or above to let (unless exempt). | J64: gov.uk/guidance/domestic-private-rented-property-minimum-energy-efficiency-standard-landlord-guidance
A65: 7 | B65: =IF(Properties!B8="","",Properties!B8) | C65: Smoke alarms tested | G65: =IF(F65="","",F65-TODAY()) | H65: =IF(B65="","",IF(F65="",IF(D65="","Missing","Recorded"),IF(G65<0,"OVERDUE",IF(G65<=60,"Due soon","OK")))) | I65: At least one on every storey used as living accommodation; check working on the first day of each tenancy. | J65: gov.uk/government/publications/smoke-and-carbon-monoxide-alarms-explanatory-booklet-for-landlords
A66: 7 | B66: =IF(Properties!B8="","",Properties!B8) | C66: Carbon monoxide alarms tested | G66: =IF(F66="","",F66-TODAY()) | H66: =IF(B66="","",IF(F66="",IF(D66="","Missing","Recorded"),IF(G66<0,"OVERDUE",IF(G66<=60,"Due soon","OK")))) | I66: In any room with a fixed combustion appliance (not gas cookers); check on the first day of each tenancy. | J66: gov.uk/government/publications/smoke-and-carbon-monoxide-alarms-explanatory-booklet-for-landlords
A67: 7 | B67: =IF(Properties!B8="","",Properties!B8) | C67: Deposit protected + prescribed information | G67: =IF(F67="","",F67-TODAY()) | H67: =IF(B67="","",IF(F67="",IF(D67="","Missing","Recorded"),IF(G67<0,"OVERDUE",IF(G67<=60,"Due soon","OK")))) | I67: Protect in a government-approved scheme and give prescribed information within 30 days of receiving it. | J67: gov.uk/deposit-protection-schemes-and-landlords
A68: 7 | B68: =IF(Properties!B8="","",Properties!B8) | C68: Right to Rent check | G68: =IF(F68="","",F68-TODAY()) | H68: =IF(B68="","",IF(F68="",IF(D68="","Missing","Recorded"),IF(G68<0,"OVERDUE",IF(G68<=60,"Due soon","OK")))) | I68: Before the tenancy starts; repeat check before a time-limited permission expires. | J68: gov.uk/check-tenant-right-to-rent-documents
A69: 7 | B69: =IF(Properties!B8="","",Properties!B8) | C69: Licence (HMO / selective) expiry | F69: =IF(D69="","",D69) | G69: =IF(F69="","",F69-TODAY()) | H69: =IF(B69="","",IF(F69="",IF(D69="","Missing","Recorded"),IF(G69<0,"OVERDUE",IF(G69<=60,"Due soon","OK")))) | I69: If your council requires a licence, enter its expiry date. Licences usually last up to 5 years. | J69: gov.uk/house-in-multiple-occupation-licence
A70: 7 | B70: =IF(Properties!B8="","",Properties!B8) | C70: Landlord insurance renewal | E70: 12 | F70: =IF(D70="","",EDATE(D70,E70)) | G70: =IF(F70="","",F70-TODAY()) | H70: =IF(B70="","",IF(F70="",IF(D70="","Missing","Recorded"),IF(G70<0,"OVERDUE",IF(G70<=60,"Due soon","OK")))) | I70: Your policy renewal date.
A71: 7 | B71: =IF(Properties!B8="","",Properties!B8) | C71: Legionella risk assessment review | G71: =IF(F71="","",F71-TODAY()) | H71: =IF(B71="","",IF(F71="",IF(D71="","Missing","Recorded"),IF(G71<0,"OVERDUE",IF(G71<=60,"Due soon","OK")))) | I71: Landlords must assess legionella risk. The law sets no fixed interval; review when anything changes. | J71: hse.gov.uk/legionnaires/landlords.htm
A72: 8 | B72: =IF(Properties!B9="","",Properties!B9) | C72: Gas safety check (CP12) | E72: 12 | F72: =IF(D72="","",EDATE(D72,E72)) | G72: =IF(F72="","",F72-TODAY()) | H72: =IF(B72="","",IF(F72="",IF(D72="","Missing","Recorded"),IF(G72<0,"OVERDUE",IF(G72<=60,"Due soon","OK")))) | I72: Every 12 months by a Gas Safe engineer; copy to tenants within 28 days; keep records 2 years. | J72: gov.uk/government/publications/gas-safety-landlords-and-tenants
A73: 8 | B73: =IF(Properties!B9="","",Properties!B9) | C73: Electrical safety report (EICR) | E73: 60 | F73: =IF(D73="","",EDATE(D73,E73)) | G73: =IF(F73="","",F73-TODAY()) | H73: =IF(B73="","",IF(F73="",IF(D73="","Missing","Recorded"),IF(G73<0,"OVERDUE",IF(G73<=60,"Due soon","OK")))) | I73: At least every 5 years by a qualified person; copy to tenants within 28 days. | J73: gov.uk/government/publications/electrical-safety-standards-in-the-private-rented-sector-guidance-for-landlords-tenants-and-local-authorities
A74: 8 | B74: =IF(Properties!B9="","",Properties!B9) | C74: Energy Performance Certificate (EPC) | E74: 120 | F74: =IF(D74="","",EDATE(D74,E74)) | G74: =IF(F74="","",F74-TODAY()) | H74: =IF(B74="","",IF(F74="",IF(D74="","Missing","Recorded"),IF(G74<0,"OVERDUE",IF(G74<=60,"Due soon","OK")))) | I74: Valid 10 years; rating must be E or above to let (unless exempt). | J74: gov.uk/guidance/domestic-private-rented-property-minimum-energy-efficiency-standard-landlord-guidance
A75: 8 | B75: =IF(Properties!B9="","",Properties!B9) | C75: Smoke alarms tested | G75: =IF(F75="","",F75-TODAY()) | H75: =IF(B75="","",IF(F75="",IF(D75="","Missing","Recorded"),IF(G75<0,"OVERDUE",IF(G75<=60,"Due soon","OK")))) | I75: At least one on every storey used as living accommodation; check working on the first day of each tenancy. | J75: gov.uk/government/publications/smoke-and-carbon-monoxide-alarms-explanatory-booklet-for-landlords
A76: 8 | B76: =IF(Properties!B9="","",Properties!B9) | C76: Carbon monoxide alarms tested | G76: =IF(F76="","",F76-TODAY()) | H76: =IF(B76="","",IF(F76="",IF(D76="","Missing","Recorded"),IF(G76<0,"OVERDUE",IF(G76<=60,"Due soon","OK")))) | I76: In any room with a fixed combustion appliance (not gas cookers); check on the first day of each tenancy. | J76: gov.uk/government/publications/smoke-and-carbon-monoxide-alarms-explanatory-booklet-for-landlords
A77: 8 | B77: =IF(Properties!B9="","",Properties!B9) | C77: Deposit protected + prescribed information | G77: =IF(F77="","",F77-TODAY()) | H77: =IF(B77="","",IF(F77="",IF(D77="","Missing","Recorded"),IF(G77<0,"OVERDUE",IF(G77<=60,"Due soon","OK")))) | I77: Protect in a government-approved scheme and give prescribed information within 30 days of receiving it. | J77: gov.uk/deposit-protection-schemes-and-landlords
A78: 8 | B78: =IF(Properties!B9="","",Properties!B9) | C78: Right to Rent check | G78: =IF(F78="","",F78-TODAY()) | H78: =IF(B78="","",IF(F78="",IF(D78="","Missing","Recorded"),IF(G78<0,"OVERDUE",IF(G78<=60,"Due soon","OK")))) | I78: Before the tenancy starts; repeat check before a time-limited permission expires. | J78: gov.uk/check-tenant-right-to-rent-documents
A79: 8 | B79: =IF(Properties!B9="","",Properties!B9) | C79: Licence (HMO / selective) expiry | F79: =IF(D79="","",D79) | G79: =IF(F79="","",F79-TODAY()) | H79: =IF(B79="","",IF(F79="",IF(D79="","Missing","Recorded"),IF(G79<0,"OVERDUE",IF(G79<=60,"Due soon","OK")))) | I79: If your council requires a licence, enter its expiry date. Licences usually last up to 5 years. | J79: gov.uk/house-in-multiple-occupation-licence
A80: 8 | B80: =IF(Properties!B9="","",Properties!B9) | C80: Landlord insurance renewal | E80: 12 | F80: =IF(D80="","",EDATE(D80,E80)) | G80: =IF(F80="","",F80-TODAY()) | H80: =IF(B80="","",IF(F80="",IF(D80="","Missing","Recorded"),IF(G80<0,"OVERDUE",IF(G80<=60,"Due soon","OK")))) | I80: Your policy renewal date.
A81: 8 | B81: =IF(Properties!B9="","",Properties!B9) | C81: Legionella risk assessment review | G81: =IF(F81="","",F81-TODAY()) | H81: =IF(B81="","",IF(F81="",IF(D81="","Missing","Recorded"),IF(G81<0,"OVERDUE",IF(G81<=60,"Due soon","OK")))) | I81: Landlords must assess legionella risk. The law sets no fixed interval; review when anything changes. | J81: hse.gov.uk/legionnaires/landlords.htm
A82: 9 | B82: =IF(Properties!B10="","",Properties!B10) | C82: Gas safety check (CP12) | E82: 12 | F82: =IF(D82="","",EDATE(D82,E82)) | G82: =IF(F82="","",F82-TODAY()) | H82: =IF(B82="","",IF(F82="",IF(D82="","Missing","Recorded"),IF(G82<0,"OVERDUE",IF(G82<=60,"Due soon","OK")))) | I82: Every 12 months by a Gas Safe engineer; copy to tenants within 28 days; keep records 2 years. | J82: gov.uk/government/publications/gas-safety-landlords-and-tenants
A83: 9 | B83: =IF(Properties!B10="","",Properties!B10) | C83: Electrical safety report (EICR) | E83: 60 | F83: =IF(D83="","",EDATE(D83,E83)) | G83: =IF(F83="","",F83-TODAY()) | H83: =IF(B83="","",IF(F83="",IF(D83="","Missing","Recorded"),IF(G83<0,"OVERDUE",IF(G83<=60,"Due soon","OK")))) | I83: At least every 5 years by a qualified person; copy to tenants within 28 days. | J83: gov.uk/government/publications/electrical-safety-standards-in-the-private-rented-sector-guidance-for-landlords-tenants-and-local-authorities
A84: 9 | B84: =IF(Properties!B10="","",Properties!B10) | C84: Energy Performance Certificate (EPC) | E84: 120 | F84: =IF(D84="","",EDATE(D84,E84)) | G84: =IF(F84="","",F84-TODAY()) | H84: =IF(B84="","",IF(F84="",IF(D84="","Missing","Recorded"),IF(G84<0,"OVERDUE",IF(G84<=60,"Due soon","OK")))) | I84: Valid 10 years; rating must be E or above to let (unless exempt). | J84: gov.uk/guidance/domestic-private-rented-property-minimum-energy-efficiency-standard-landlord-guidance
A85: 9 | B85: =IF(Properties!B10="","",Properties!B10) | C85: Smoke alarms tested | G85: =IF(F85="","",F85-TODAY()) | H85: =IF(B85="","",IF(F85="",IF(D85="","Missing","Recorded"),IF(G85<0,"OVERDUE",IF(G85<=60,"Due soon","OK")))) | I85: At least one on every storey used as living accommodation; check working on the first day of each tenancy. | J85: gov.uk/government/publications/smoke-and-carbon-monoxide-alarms-explanatory-booklet-for-landlords
A86: 9 | B86: =IF(Properties!B10="","",Properties!B10) | C86: Carbon monoxide alarms tested | G86: =IF(F86="","",F86-TODAY()) | H86: =IF(B86="","",IF(F86="",IF(D86="","Missing","Recorded"),IF(G86<0,"OVERDUE",IF(G86<=60,"Due soon","OK")))) | I86: In any room with a fixed combustion appliance (not gas cookers); check on the first day of each tenancy. | J86: gov.uk/government/publications/smoke-and-carbon-monoxide-alarms-explanatory-booklet-for-landlords
A87: 9 | B87: =IF(Properties!B10="","",Properties!B10) | C87: Deposit protected + prescribed information | G87: =IF(F87="","",F87-TODAY()) | H87: =IF(B87="","",IF(F87="",IF(D87="","Missing","Recorded"),IF(G87<0,"OVERDUE",IF(G87<=60,"Due soon","OK")))) | I87: Protect in a government-approved scheme and give prescribed information within 30 days of receiving it. | J87: gov.uk/deposit-protection-schemes-and-landlords
A88: 9 | B88: =IF(Properties!B10="","",Properties!B10) | C88: Right to Rent check | G88: =IF(F88="","",F88-TODAY()) | H88: =IF(B88="","",IF(F88="",IF(D88="","Missing","Recorded"),IF(G88<0,"OVERDUE",IF(G88<=60,"Due soon","OK")))) | I88: Before the tenancy starts; repeat check before a time-limited permission expires. | J88: gov.uk/check-tenant-right-to-rent-documents
A89: 9 | B89: =IF(Properties!B10="","",Properties!B10) | C89: Licence (HMO / selective) expiry | F89: =IF(D89="","",D89) | G89: =IF(F89="","",F89-TODAY()) | H89: =IF(B89="","",IF(F89="",IF(D89="","Missing","Recorded"),IF(G89<0,"OVERDUE",IF(G89<=60,"Due soon","OK")))) | I89: If your council requires a licence, enter its expiry date. Licences usually last up to 5 years. | J89: gov.uk/house-in-multiple-occupation-licence
A90: 9 | B90: =IF(Properties!B10="","",Properties!B10) | C90: Landlord insurance renewal | E90: 12 | F90: =IF(D90="","",EDATE(D90,E90)) | G90: =IF(F90="","",F90-TODAY()) | H90: =IF(B90="","",IF(F90="",IF(D90="","Missing","Recorded"),IF(G90<0,"OVERDUE",IF(G90<=60,"Due soon","OK")))) | I90: Your policy renewal date.
A91: 9 | B91: =IF(Properties!B10="","",Properties!B10) | C91: Legionella risk assessment review | G91: =IF(F91="","",F91-TODAY()) | H91: =IF(B91="","",IF(F91="",IF(D91="","Missing","Recorded"),IF(G91<0,"OVERDUE",IF(G91<=60,"Due soon","OK")))) | I91: Landlords must assess legionella risk. The law sets no fixed interval; review when anything changes. | J91: hse.gov.uk/legionnaires/landlords.htm
A92: 10 | B92: =IF(Properties!B11="","",Properties!B11) | C92: Gas safety check (CP12) | E92: 12 | F92: =IF(D92="","",EDATE(D92,E92)) | G92: =IF(F92="","",F92-TODAY()) | H92: =IF(B92="","",IF(F92="",IF(D92="","Missing","Recorded"),IF(G92<0,"OVERDUE",IF(G92<=60,"Due soon","OK")))) | I92: Every 12 months by a Gas Safe engineer; copy to tenants within 28 days; keep records 2 years. | J92: gov.uk/government/publications/gas-safety-landlords-and-tenants
A93: 10 | B93: =IF(Properties!B11="","",Properties!B11) | C93: Electrical safety report (EICR) | E93: 60 | F93: =IF(D93="","",EDATE(D93,E93)) | G93: =IF(F93="","",F93-TODAY()) | H93: =IF(B93="","",IF(F93="",IF(D93="","Missing","Recorded"),IF(G93<0,"OVERDUE",IF(G93<=60,"Due soon","OK")))) | I93: At least every 5 years by a qualified person; copy to tenants within 28 days. | J93: gov.uk/government/publications/electrical-safety-standards-in-the-private-rented-sector-guidance-for-landlords-tenants-and-local-authorities
A94: 10 | B94: =IF(Properties!B11="","",Properties!B11) | C94: Energy Performance Certificate (EPC) | E94: 120 | F94: =IF(D94="","",EDATE(D94,E94)) | G94: =IF(F94="","",F94-TODAY()) | H94: =IF(B94="","",IF(F94="",IF(D94="","Missing","Recorded"),IF(G94<0,"OVERDUE",IF(G94<=60,"Due soon","OK")))) | I94: Valid 10 years; rating must be E or above to let (unless exempt). | J94: gov.uk/guidance/domestic-private-rented-property-minimum-energy-efficiency-standard-landlord-guidance
A95: 10 | B95: =IF(Properties!B11="","",Properties!B11) | C95: Smoke alarms tested | G95: =IF(F95="","",F95-TODAY()) | H95: =IF(B95="","",IF(F95="",IF(D95="","Missing","Recorded"),IF(G95<0,"OVERDUE",IF(G95<=60,"Due soon","OK")))) | I95: At least one on every storey used as living accommodation; check working on the first day of each tenancy. | J95: gov.uk/government/publications/smoke-and-carbon-monoxide-alarms-explanatory-booklet-for-landlords
A96: 10 | B96: =IF(Properties!B11="","",Properties!B11) | C96: Carbon monoxide alarms tested | G96: =IF(F96="","",F96-TODAY()) | H96: =IF(B96="","",IF(F96="",IF(D96="","Missing","Recorded"),IF(G96<0,"OVERDUE",IF(G96<=60,"Due soon","OK")))) | I96: In any room with a fixed combustion appliance (not gas cookers); check on the first day of each tenancy. | J96: gov.uk/government/publications/smoke-and-carbon-monoxide-alarms-explanatory-booklet-for-landlords
A97: 10 | B97: =IF(Properties!B11="","",Properties!B11) | C97: Deposit protected + prescribed information | G97: =IF(F97="","",F97-TODAY()) | H97: =IF(B97="","",IF(F97="",IF(D97="","Missing","Recorded"),IF(G97<0,"OVERDUE",IF(G97<=60,"Due soon","OK")))) | I97: Protect in a government-approved scheme and give prescribed information within 30 days of receiving it. | J97: gov.uk/deposit-protection-schemes-and-landlords
A98: 10 | B98: =IF(Properties!B11="","",Properties!B11) | C98: Right to Rent check | G98: =IF(F98="","",F98-TODAY()) | H98: =IF(B98="","",IF(F98="",IF(D98="","Missing","Recorded"),IF(G98<0,"OVERDUE",IF(G98<=60,"Due soon","OK")))) | I98: Before the tenancy starts; repeat check before a time-limited permission expires. | J98: gov.uk/check-tenant-right-to-rent-documents
A99: 10 | B99: =IF(Properties!B11="","",Properties!B11) | C99: Licence (HMO / selective) expiry | F99: =IF(D99="","",D99) | G99: =IF(F99="","",F99-TODAY()) | H99: =IF(B99="","",IF(F99="",IF(D99="","Missing","Recorded"),IF(G99<0,"OVERDUE",IF(G99<=60,"Due soon","OK")))) | I99: If your council requires a licence, enter its expiry date. Licences usually last up to 5 years. | J99: gov.uk/house-in-multiple-occupation-licence
A100: 10 | B100: =IF(Properties!B11="","",Properties!B11) | C100: Landlord insurance renewal | E100: 12 | F100: =IF(D100="","",EDATE(D100,E100)) | G100: =IF(F100="","",F100-TODAY()) | H100: =IF(B100="","",IF(F100="",IF(D100="","Missing","Recorded"),IF(G100<0,"OVERDUE",IF(G100<=60,"Due soon","OK")))) | I100: Your policy renewal date.
...

Sheet Renters' Rights Act
A1: When / topic | B1: What it means for you | C1: Done? | D1: Source
A2: 1 May 2026 | B2: Fixed-term assured shorthold tenancies became assured periodic tenancies. Section 21 'no fault' evictions ended; possession now only via Section 8 grounds. | D2: legislation.gov.uk/uksi/2026/421/made
A3: 31 May 2026 | B3: Existing written tenancies: give every named tenant the government's 'Renters' Rights Act Information Sheet 2026' (exact gov.uk PDF). Fine up to £7,000 if not given. | D3: gov.uk (search 'Renters' Rights Act Information Sheet 2026')
A4: New tenancies from 1 May 2026 | B4: Provide a written statement of terms before the tenancy starts. | D4: gov.uk/guidance/renters-rights-act-2025
A5: Rent increases | B5: Only once a year, using the Section 13 notice procedure; tenants can challenge at tribunal. | D5: gov.uk/guidance/renters-rights-act-2025
A6: Pets | B6: Tenants can ask to keep a pet; you must not unreasonably refuse and must reply in writing. | D6: gov.uk/guidance/renters-rights-act-2025
A7: Discrimination | B7: Must not refuse tenants because they have children or receive benefits. | D7: gov.uk/guidance/renters-rights-act-2025
A8: Rental bidding | B8: Must advertise a rent and not accept offers above it. | D8: gov.uk/guidance/renters-rights-act-2025
A9: Later phases | B9: Private Rented Sector Database registration, Landlord Ombudsman membership and Decent Homes Standard - dates to be confirmed by government. Check before letting. | D9: gov.uk/guidance/renters-rights-act-2025
A11: For landlords letting in England. A record-keeping aid, not legal advice. Rules differ in Wales, Scotland and Northern Ireland. Always check the linked gov.uk source; rules change.
